[
    {
        "model": "pyp.transdisciplinarytheme",
        "pk": 1,
        "fields": {
            "name": "Who we are?",
            "name_rus": "Кто мы?",
            "description": "An inquiry into the nature of the self; beliefs and values; personal, physical, mental, social and spiritual health; human relationships including families, friends, communities and cultures; rights and responsibilities; what it means to be human.",
            "description_rus": "Исследование своего характера; наших убеждений и ценностей; личного, физического, умственного, социального и духовного здоровья; взаимоотношений между людьми, включая семьи, друзей, сообществ и культур; наших прав и обязанностей; того, что значит быть человеком."
        }
    },
    {
        "model": "pyp.transdisciplinarytheme",
        "pk": 2,
        "fields": {
            "name": "Where we are in place and time?",
            "name_rus": "Где мы по месту и времени?",
            "description": "An inquiry into orientation in place and time; personal histories; homes and journeys; the discoveries, explorations and migrations of humankind; the relationships between and the interconnectedness of individuals and civilizations, from local and global perspectives.",
            "description_rus": "Исследование нашей ориентации в пространстве и во времени; наших личных историй; наших домов и того, как мы путешествуем; открытий, исследований и\nпереселений человека; взаимоотношений и взаимосвязей между индивидуальными личностями и цивилизациями, как с локальной так и с глобальной точки зрения"
        }
    },
    {
        "model": "pyp.transdisciplinarytheme",
        "pk": 3,
        "fields": {
            "name": "How we express ourselves?",
            "name_rus": "Как мы выражаем себя?",
            "description": "An inquiry into the ways in which we discover and express ideas, feelings, nature, culture, beliefs and values; the ways in which we reflect on, extend and enjoy our creativity; our appreciation of the aesthetic.",
            "description_rus": "Исследование способов, по средствам которых мы открываем и выражаем идеи, чувства, характер, культуру, ценности и верования; способов, по средствам которых мы анализируем наше творчество, расширяем его и получаем удовольствие; исследование того, как мы ценим эстетику"
        }
    },
    {
        "model": "pyp.transdisciplinarytheme",
        "pk": 4,
        "fields": {
            "name": "How the world works?",
            "name_rus": "Как работает мир?",
            "description": "An inquiry into the natural world and its laws; the interaction between the natural world (physical and biological) and human societies; how humans use their understanding of scientific principles; the impact of scientific and technological advances on society and on the environment.",
            "description_rus": "Исследование мира природы и его законов; взаимодействия между миром природы (живой и неживой) и человеческих обществ; как люди используют свое понимание научных принципов; влияние научного и технологического прогресса на общество и окружающую среду."
        }
    },
    {
        "model": "pyp.transdisciplinarytheme",
        "pk": 5,
        "fields": {
            "name": "How we organize ourselves?",
            "name_rus": "Как мы организуем себя?",
            "description": "An inquiry into the interconnectedness of human- made systems and communities; the structure and function of organizations; societal decision-making; economic activities and their impact on humankind and the environment.",
            "description_rus": "Исследование взаимосвязи систем, созданных человеком, и сообществ; структура и функция организаций; принятие решений в обществе; виды экономической деятельности и их вклад в человечество и окружающую среду."
        }
    },
    {
        "model": "pyp.transdisciplinarytheme",
        "pk": 6,
        "fields": {
            "name": "Sharing the Planet",
            "name_rus": "Планета - наш общий дом",
            "description": "An inquiry into rights and responsibilities in the struggle to share finite resources with other people and with other living things; communities and the relationships within and between them; access to equal opportunities; peace and conflict resolution",
            "description_rus": "Исследование прав и обязанностей перед другими людьми и живыми существами, с которыми мы вместе пользуемся природными богатствами; сообществ и отношений, как внутри этих сообществ, так и между ними; мира и разрешения конфликтов."
        }
    },
    {
        "model": "pyp.pypkeyconcept",
        "pk": 1,
        "fields": {
            "name": "Form",
            "name_rus": "Форма",
            "description": null,
            "description_rus": null
        }
    },
    {
        "model": "pyp.pypkeyconcept",
        "pk": 2,
        "fields": {
            "name": "Function",
            "name_rus": "Функция",
            "description": null,
            "description_rus": null
        }
    },
    {
        "model": "pyp.pypkeyconcept",
        "pk": 3,
        "fields": {
            "name": "Causation",
            "name_rus": "Причина",
            "description": null,
            "description_rus": null
        }
    },
    {
        "model": "pyp.pypkeyconcept",
        "pk": 4,
        "fields": {
            "name": "Change",
            "name_rus": "Изменение",
            "description": null,
            "description_rus": null
        }
    },
    {
        "model": "pyp.pypkeyconcept",
        "pk": 5,
        "fields": {
            "name": "Responsibility",
            "name_rus": "Ответственность",
            "description": null,
            "description_rus": null
        }
    },
    {
        "model": "pyp.pypkeyconcept",
        "pk": 6,
        "fields": {
            "name": "Connection",
            "name_rus": "Связь ",
            "description": null,
            "description_rus": null
        }
    },
    {
        "model": "pyp.pypkeyconcept",
        "pk": 7,
        "fields": {
            "name": "Perspective",
            "name_rus": "Точка зрения",
            "description": null,
            "description_rus": null
        }
    },
    {
        "model": "pyp.pypatlcluster",
        "pk": 1,
        "fields": {
            "name": "Critical thinking",
            "name_rus": "Критическое мышление",
            "category": 5
        }
    },
    {
        "model": "pyp.pypatlcluster",
        "pk": 2,
        "fields": {
            "name": "Creative thinking ",
            "name_rus": "Творческое мышление",
            "category": 5
        }
    },
    {
        "model": "pyp.pypatlcluster",
        "pk": 3,
        "fields": {
            "name": "Information transfer",
            "name_rus": "Навыки информационного переноса",
            "category": 5
        }
    },
    {
        "model": "pyp.pypatlcluster",
        "pk": 4,
        "fields": {
            "name": "Reflection and metacognition ",
            "name_rus": "Рефлексия и метапонимание",
            "category": 5
        }
    },
    {
        "model": "pyp.pypatlcluster",
        "pk": 5,
        "fields": {
            "name": "Information literacy ",
            "name_rus": "Информационная грамотность",
            "category": 4
        }
    },
    {
        "model": "pyp.pypatlcluster",
        "pk": 6,
        "fields": {
            "name": "Media literacy",
            "name_rus": "Медиа грамотность",
            "category": 4
        }
    },
    {
        "model": "pyp.pypatlcluster",
        "pk": 7,
        "fields": {
            "name": "Ethical use of media/ information",
            "name_rus": "Этическое использование информации",
            "category": 4
        }
    },
    {
        "model": "pyp.pypatlcluster",
        "pk": 8,
        "fields": {
            "name": "Exchanging information",
            "name_rus": "Обмен информацией",
            "category": 1
        }
    },
    {
        "model": "pyp.pypatlcluster",
        "pk": 9,
        "fields": {
            "name": "Literacy",
            "name_rus": "Грамотность",
            "category": 1
        }
    },
    {
        "model": "pyp.pypatlcluster",
        "pk": 10,
        "fields": {
            "name": "ICT",
            "name_rus": "Информационные технологии",
            "category": 1
        }
    },
    {
        "model": "pyp.pypatlcluster",
        "pk": 11,
        "fields": {
            "name": "Interpersonal relationships, social and emotional intelligence",
            "name_rus": "Межличностные отношения, социальный и эмоциональный интеллект",
            "category": 2
        }
    },
    {
        "model": "pyp.pypatlcluster",
        "pk": 12,
        "fields": {
            "name": "Organization",
            "name_rus": "Организация",
            "category": 3
        }
    },
    {
        "model": "pyp.pypatlcluster",
        "pk": 13,
        "fields": {
            "name": "States of mind",
            "name_rus": "Психологическое состояние",
            "category": 3
        }
    },
    {
        "model": "pyp.pypatlgroup",
        "pk": 1,
        "fields": {
            "name": "Analyzing",
            "name_rus": "Анализ",
            "cluster": 1
        }
    },
    {
        "model": "pyp.pypatlgroup",
        "pk": 2,
        "fields": {
            "name": "Evaluating",
            "name_rus": "Оценка",
            "cluster": 1
        }
    },
    {
        "model": "pyp.pypatlgroup",
        "pk": 3,
        "fields": {
            "name": "Forming decisions",
            "name_rus": "Формулирование решений",
            "cluster": 1
        }
    },
    {
        "model": "pyp.pypatlgroup",
        "pk": 4,
        "fields": {
            "name": "Generating novel ideas",
            "name_rus": "Создание новых идей",
            "cluster": 2
        }
    },
    {
        "model": "pyp.pypatlgroup",
        "pk": 5,
        "fields": {
            "name": "Considering new perspectives",
            "name_rus": "Рассмотрение новых перспектив",
            "cluster": 2
        }
    },
    {
        "model": "pyp.pypatlgroup",
        "pk": 6,
        "fields": {
            "name": "Formulating and planning",
            "name_rus": "Формулирование и планирование",
            "cluster": 5
        }
    },
    {
        "model": "pyp.pypatlgroup",
        "pk": 7,
        "fields": {
            "name": "Data gathering and recording",
            "name_rus": "Сбор и запись данных",
            "cluster": 5
        }
    },
    {
        "model": "pyp.pypatlgroup",
        "pk": 8,
        "fields": {
            "name": "Synthesizing and interpreting",
            "name_rus": "Синтез и интерпретация",
            "cluster": 5
        }
    },
    {
        "model": "pyp.pypatlgroup",
        "pk": 9,
        "fields": {
            "name": "Evaluating and communicating",
            "name_rus": "Оценка и коммуникация",
            "cluster": 5
        }
    },
    {
        "model": "pyp.pypatlgroup",
        "pk": 10,
        "fields": {
            "name": "Listening",
            "name_rus": "Аудирование (слушание)",
            "cluster": 8
        }
    },
    {
        "model": "pyp.pypatlgroup",
        "pk": 11,
        "fields": {
            "name": "Interpreting",
            "name_rus": "Понимание (интерпретация)",
            "cluster": 8
        }
    },
    {
        "model": "pyp.pypatlgroup",
        "pk": 12,
        "fields": {
            "name": "Speaking",
            "name_rus": "Говорение",
            "cluster": 8
        }
    },
    {
        "model": "pyp.pypatlgroup",
        "pk": 13,
        "fields": {
            "name": "Reading",
            "name_rus": "Чтение",
            "cluster": 9
        }
    },
    {
        "model": "pyp.pypatlgroup",
        "pk": 14,
        "fields": {
            "name": "Writing ",
            "name_rus": "Письмо",
            "cluster": 9
        }
    },
    {
        "model": "pyp.pypatlgroup",
        "pk": 15,
        "fields": {
            "name": "Interpersonal relationships",
            "name_rus": "Межличностные отношения",
            "cluster": 11
        }
    },
    {
        "model": "pyp.pypatlgroup",
        "pk": 16,
        "fields": {
            "name": "Social and emotional intelligence",
            "name_rus": "Социальный и эмоциональный интеллект",
            "cluster": 11
        }
    },
    {
        "model": "pyp.pypatlgroup",
        "pk": 17,
        "fields": {
            "name": "Mindfulness",
            "name_rus": "Осознанность (внимательность)",
            "cluster": 13
        }
    },
    {
        "model": "pyp.pypatlgroup",
        "pk": 18,
        "fields": {
            "name": "Perseverance",
            "name_rus": "Настойчивость (упорство)",
            "cluster": 13
        }
    },
    {
        "model": "pyp.pypatlgroup",
        "pk": 19,
        "fields": {
            "name": "Emotional management",
            "name_rus": "Управление эмоциями",
            "cluster": 13
        }
    },
    {
        "model": "pyp.pypatlgroup",
        "pk": 20,
        "fields": {
            "name": "Self-motivation",
            "name_rus": "Самомотивация",
            "cluster": 13
        }
    },
    {
        "model": "pyp.pypatlgroup",
        "pk": 21,
        "fields": {
            "name": "Resilience",
            "name_rus": "Устойчивость",
            "cluster": 13
        }
    },
    {
        "model": "pyp.pypatlskill",
        "pk": 1,
        "fields": {
            "name": "Observe carefully in order to recognize problems. ",
            "name_rus": "Наблюдать с целью выявить проблему.",
            "group": 1,
            "cluster": 1
        }
    },
    {
        "model": "pyp.pypatlskill",
        "pk": 2,
        "fields": {
            "name": "Consider meaning of materials. ",
            "name_rus": "Понимать значение материалов.",
            "group": 1,
            "cluster": 1
        }
    },
    {
        "model": "pyp.pypatlskill",
        "pk": 3,
        "fields": {
            "name": "Take knowledge or ideas apart by separating   them into component parts. ",
            "name_rus": "Уметь разделять знания или информацию на составные части.",
            "group": 1,
            "cluster": 1
        }
    },
    {
        "model": "pyp.pypatlskill",
        "pk": 4,
        "fields": {
            "name": "Use models and simulations to explore complex systems and issues. ",
            "name_rus": "Использовать модели для исследования сложных систем и проблем.",
            "group": 1,
            "cluster": 1
        }
    },
    {
        "model": "pyp.pypatlskill",
        "pk": 5,
        "fields": {
            "name": "Organize relevant information to formulate an argument. ",
            "name_rus": "Использовать подходящую информацию для формулирования доказательств (аргументов).",
            "group": 2,
            "cluster": 1
        }
    },
    {
        "model": "pyp.pypatlskill",
        "pk": 6,
        "fields": {
            "name": "Evaluate evidence and arguments, and associated decisions. ",
            "name_rus": "Оценивать доказательства и аргументы, а также связанных с ними решений",
            "group": 2,
            "cluster": 1
        }
    },
    {
        "model": "pyp.pypatlskill",
        "pk": 7,
        "fields": {
            "name": "Recognize unstated assumptions and biases. ",
            "name_rus": "Признавать существование неявных предположений и предубеждений",
            "group": 2,
            "cluster": 1
        }
    },
    {
        "model": "pyp.pypatlskill",
        "pk": 8,
        "fields": {
            "name": "Consider ideas from multiple perspectives. ",
            "name_rus": "Рассматривать идеи с разных точек зрения",
            "group": 2,
            "cluster": 1
        }
    },
    {
        "model": "pyp.pypatlskill",
        "pk": 9,
        "fields": {
            "name": "Synthesize new understandings by finding unique characteristics; seeing relationships and connections. ",
            "name_rus": "Синтезировать новое понимание находя уникальные характеристики; видеть отношения и связи",
            "group": 2,
            "cluster": 1
        }
    },
    {
        "model": "pyp.pypatlskill",
        "pk": 10,
        "fields": {
            "name": "Test generalizations and conclusions. ",
            "name_rus": "Проверять обобщения и выводы",
            "group": 2,
            "cluster": 1
        }
    },
    {
        "model": "pyp.pypatlskill",
        "pk": 11,
        "fields": {
            "name": "Identify obstacles and challenges. ",
            "name_rus": "Выявлять препятствия и проблемы",
            "group": 2,
            "cluster": 1
        }
    },
    {
        "model": "pyp.pypatlskill",
        "pk": 12,
        "fields": {
            "name": "Develop contrary or opposing arguments. ",
            "name_rus": "Развивать контраргументы.",
            "group": 3,
            "cluster": 1
        }
    },
    {
        "model": "pyp.pypatlskill",
        "pk": 13,
        "fields": {
            "name": "Propose and evaluate a variety of solutions. ",
            "name_rus": "Предлагать и оценивать различные решения.",
            "group": 3,
            "cluster": 1
        }
    },
    {
        "model": "pyp.pypatlskill",
        "pk": 14,
        "fields": {
            "name": "Revise understandings based on new information and evidence. ",
            "name_rus": "Пересматривать понимание на основе новой информации и доказательств.",
            "group": 3,
            "cluster": 1
        }
    },
    {
        "model": "pyp.pypatlskill",
        "pk": 15,
        "fields": {
            "name": "Draw conclusions and generalizations. ",
            "name_rus": "Делать выводы и обобщения.",
            "group": 3,
            "cluster": 1
        }
    },
    {
        "model": "pyp.pypatlskill",
        "pk": 16,
        "fields": {
            "name": "Use discussions and diagrams to generate new ideas and inquiries",
            "name_rus": "Использовать обсуждения и диаграммы для создания новых идей и исследований",
            "group": 4,
            "cluster": 2
        }
    },
    {
        "model": "pyp.pypatlskill",
        "pk": 17,
        "fields": {
            "name": "Practice “visible thinking” strategies and techniques",
            "name_rus": "Практиковать техники \"visible thinking\"",
            "group": 4,
            "cluster": 2
        }
    },
    {
        "model": "pyp.pypatlskill",
        "pk": 18,
        "fields": {
            "name": "Make unexpected or unusual connections between objects and/or ideas",
            "name_rus": "Устанавливать неожиданные или необычные связи между объектами или идеями",
            "group": 4,
            "cluster": 2
        }
    },
    {
        "model": "pyp.pypatlskill",
        "pk": 19,
        "fields": {
            "name": "Design improvements to existing products, processes, media and technologies",
            "name_rus": "Разрабатывать усовершенствования существующих продуктов, процессов, средств массовой информации и технологий",
            "group": 4,
            "cluster": 2
        }
    },
    {
        "model": "pyp.pypatlskill",
        "pk": 20,
        "fields": {
            "name": "Ask “what if” questions and generate testable hypotheses",
            "name_rus": "Задавать вопросы «что, если» и создавать проверяемые гипотезы",
            "group": 5,
            "cluster": 2
        }
    },
    {
        "model": "pyp.pypatlskill",
        "pk": 21,
        "fields": {
            "name": "Apply existing knowledge to design new products processes, media and technologies",
            "name_rus": "Применять существующие знания для разработки новых продуктов, процессов, медиа и технологий",
            "group": 5,
            "cluster": 2
        }
    },
    {
        "model": "pyp.pypatlskill",
        "pk": 22,
        "fields": {
            "name": "Consider multiple alternatives, including those that might be unlikely or impossible",
            "name_rus": "Рассматривать несколько альтернатив, включая те, которые могут быть маловероятными или невозможными",
            "group": 5,
            "cluster": 2
        }
    },
    {
        "model": "pyp.pypatlskill",
        "pk": 23,
        "fields": {
            "name": "Practice flexible thinking—develop multiple opposing, contradictory and complementary arguments",
            "name_rus": "Применять гибкое мышление  - развивать множество противоположных, противоречивых и взаимодополняющих аргументов",
            "group": 5,
            "cluster": 2
        }
    },
    {
        "model": "pyp.pypatlskill",
        "pk": 24,
        "fields": {
            "name": "Practice “visible thinking” strategies and techniques",
            "name_rus": "Практиковать техники “visible thinking”",
            "group": 5,
            "cluster": 2
        }
    },
    {
        "model": "pyp.pypatlskill",
        "pk": 25,
        "fields": {
            "name": "Generate metaphors and analogies",
            "name_rus": "Создавать метафоры и аналогии",
            "group": 5,
            "cluster": 2
        }
    },
    {
        "model": "pyp.pypatlskill",
        "pk": 26,
        "fields": {
            "name": "Use memory techniques to develop long- term memory. ",
            "name_rus": "Использовать мнемотехники для развития долговременной памяти. ",
            "group": null,
            "cluster": 3
        }
    },
    {
        "model": "pyp.pypatlskill",
        "pk": 27,
        "fields": {
            "name": "Inquire in different contexts to gain different perspectives. ",
            "name_rus": "Проводить исследования в разных контекстах, с целью доказать, что могут быть разные взгляды на одно и тоже событие.",
            "group": null,
            "cluster": 3
        }
    },
    {
        "model": "pyp.pypatlskill",
        "pk": 28,
        "fields": {
            "name": "Make connections between units of inquiry and between subjects. ",
            "name_rus": "Устанавливать связи между темами исследования и между школьными предметами.",
            "group": null,
            "cluster": 3
        }
    },
    {
        "model": "pyp.pypatlskill",
        "pk": 29,
        "fields": {
            "name": "Transfer conceptual understandings across transdisciplinary themes and subjects.",
            "name_rus": "Передавать концептуальные представления через трансдисциплинарные темы и предметы.",
            "group": null,
            "cluster": 3
        }
    },
    {
        "model": "pyp.pypatlskill",
        "pk": 30,
        "fields": {
            "name": "Combine knowledge, conceptual understandings and skills to create products or solutions. ",
            "name_rus": "Объединять знания, концептуальное понимание и навыки для создания продукта или решения.",
            "group": null,
            "cluster": 3
        }
    },
    {
        "model": "pyp.pypatlskill",
        "pk": 31,
        "fields": {
            "name": "Apply skills and knowledge in unfamiliar situations or outside of school. ",
            "name_rus": "Применять навыки и знания в незнакомых ситуациях или вне школы.",
            "group": null,
            "cluster": 3
        }
    },
    {
        "model": "pyp.pypatlskill",
        "pk": 32,
        "fields": {
            "name": "Help others develop conceptual understandings and skills. ",
            "name_rus": "Помогать другим развивать концептуальное понимание и навыки.",
            "group": null,
            "cluster": 3
        }
    },
    {
        "model": "pyp.pypatlskill",
        "pk": 33,
        "fields": {
            "name": "Identify strengths and areas for improvement. ",
            "name_rus": "Определять сильные стороны и области для улучшения.",
            "group": null,
            "cluster": 4
        }
    },
    {
        "model": "pyp.pypatlskill",
        "pk": 34,
        "fields": {
            "name": "Consider new skills, techniques and strategies for effective learning. ",
            "name_rus": "Использовать новые навыки, техники и стратегии для эффективного обучения.",
            "group": null,
            "cluster": 4
        }
    },
    {
        "model": "pyp.pypatlskill",
        "pk": 35,
        "fields": {
            "name": "Record thinking and reflection processes. ",
            "name_rus": "Записывать (фиксировать) процесс мышления и рефлексии.",
            "group": null,
            "cluster": 4
        }
    },
    {
        "model": "pyp.pypatlskill",
        "pk": 36,
        "fields": {
            "name": "Reflect on their learning by asking questions such as: ",
            "name_rus": "Анализировать процесс своего обучения следующим образом:",
            "group": null,
            "cluster": 4
        }
    },
    {
        "model": "pyp.pypatlskill",
        "pk": 37,
        "fields": {
            "name": "What did I learn today? ",
            "name_rus": "Что я узнал сегодня?",
            "group": null,
            "cluster": 4
        }
    },
    {
        "model": "pyp.pypatlskill",
        "pk": 38,
        "fields": {
            "name": "What don’t I yet understand? ",
            "name_rus": "Что я еще не понимаю?",
            "group": null,
            "cluster": 4
        }
    },
    {
        "model": "pyp.pypatlskill",
        "pk": 39,
        "fields": {
            "name": "What questions do I have now? ",
            "name_rus": "Какие вопросы у меня остались?",
            "group": null,
            "cluster": 4
        }
    },
    {
        "model": "pyp.pypatlskill",
        "pk": 40,
        "fields": {
            "name": "What can I already do? ",
            "name_rus": "Что я уже могу сделать?",
            "group": null,
            "cluster": 4
        }
    },
    {
        "model": "pyp.pypatlskill",
        "pk": 41,
        "fields": {
            "name": "What will I work on next? ",
            "name_rus": "Над чем я буду работать дальше?",
            "group": null,
            "cluster": 4
        }
    },
    {
        "model": "pyp.pypatlskill",
        "pk": 42,
        "fields": {
            "name": "What can I do to become a more effective learner? ",
            "name_rus": "Что я могу сделать, чтобы стать более эффективным учеником?",
            "group": null,
            "cluster": 4
        }
    },
    {
        "model": "pyp.pypatlskill",
        "pk": 43,
        "fields": {
            "name": "What factors are important for helping me learn well? ",
            "name_rus": "Какие факторы важны для того, чтобы помочь мне хорошо учиться?",
            "group": null,
            "cluster": 4
        }
    },
    {
        "model": "pyp.pypatlskill",
        "pk": 44,
        "fields": {
            "name": "Have I been a principled and balanced thinker? (for example, considering ethical, cultural and environmental implications).",
            "name_rus": "Был или я принципиальным и сбалансированным мыслителем?",
            "group": null,
            "cluster": 4
        }
    },
    {
        "model": "pyp.pypatlskill",
        "pk": 45,
        "fields": {
            "name": "Ask or design relevant questions of interest that can be researched. ",
            "name_rus": "Формулировать и задавать такие вопросы, которые будут интересны для исследования.",
            "group": 6,
            "cluster": 5
        }
    },
    {
        "model": "pyp.pypatlskill",
        "pk": 46,
        "fields": {
            "name": "Outline a plan for finding necessary information. ",
            "name_rus": "Создавать план поиска информации.",
            "group": 6,
            "cluster": 5
        }
    },
    {
        "model": "pyp.pypatlskill",
        "pk": 47,
        "fields": {
            "name": "Evaluate and select appropriate information sources and/or digital tools based on the task. ",
            "name_rus": "Оценивать и выбирать соответствующие информационные ресурсы и/или цифровые инструменты.",
            "group": 6,
            "cluster": 5
        }
    },
    {
        "model": "pyp.pypatlskill",
        "pk": 48,
        "fields": {
            "name": "Gather information from a variety of primary and secondary sources. ",
            "name_rus": "Собирать информацию из различных первичных и вторичных источников.",
            "group": 7,
            "cluster": 5
        }
    },
    {
        "model": "pyp.pypatlskill",
        "pk": 49,
        "fields": {
            "name": "Use all senses to find and notice relevant details. ",
            "name_rus": "Использовать все органы чувств чтобы находить и замечать соответствующие детали.",
            "group": 7,
            "cluster": 5
        }
    },
    {
        "model": "pyp.pypatlskill",
        "pk": 50,
        "fields": {
            "name": "Record observations by drawing, note taking, charting, tallying, writing statements, annotating images. ",
            "name_rus": "Записывать наблюдения различными способами (рисунки, записи, графики, диаграммы, аннотации).",
            "group": 7,
            "cluster": 5
        }
    },
    {
        "model": "pyp.pypatlskill",
        "pk": 51,
        "fields": {
            "name": "Sort and categorize information: arrange information into understandable forms such as narratives, explanatory and procedural writing, tables, timelines, graphs and diagrams. ",
            "name_rus": "Сортировать и упорядочивать информацию в понятные формы, такие как рассказы, записи, таблицы, графики, диаграммы.",
            "group": 8,
            "cluster": 5
        }
    },
    {
        "model": "pyp.pypatlskill",
        "pk": 52,
        "fields": {
            "name": "Use critical literacy skills to analyze and interpret information. ",
            "name_rus": "Использовать навыки критического мышления для анализа и интерпретации информации. ",
            "group": 8,
            "cluster": 5
        }
    },
    {
        "model": "pyp.pypatlskill",
        "pk": 53,
        "fields": {
            "name": "Draw conclusions from relationships and patterns that emerge from data. ",
            "name_rus": "Делать выводы из взаимосвязей и закономерностей, возникающих из данных.",
            "group": 9,
            "cluster": 5
        }
    },
    {
        "model": "pyp.pypatlskill",
        "pk": 54,
        "fields": {
            "name": "Present information in a variety of formats and platforms. ",
            "name_rus": "Представлять информацию в различных форматах и платформах.",
            "group": 9,
            "cluster": 5
        }
    },
    {
        "model": "pyp.pypatlskill",
        "pk": 55,
        "fields": {
            "name": "Understand the significance of academic integrity and intellectual property rights. ",
            "name_rus": "Понимать значение академической честности и прав интеллектуальной собственности.",
            "group": 9,
            "cluster": 5
        }
    },
    {
        "model": "pyp.pypatlskill",
        "pk": 56,
        "fields": {
            "name": "Create references and citations, use footnotes/endnotes and construct a bibliography according to recognized conventions. ",
            "name_rus": "Создавать ссылки и цитаты, использовать сноски/концевые сноски и строить библиографию в соответствии с признанными соглашениями.",
            "group": 9,
            "cluster": 5
        }
    },
    {
        "model": "pyp.pypatlskill",
        "pk": 57,
        "fields": {
            "name": "Locate, organize, analyze, evaluate and synthesize information from a variety of trusted sources, social media and online networks. ",
            "name_rus": "Находить, организовывать, анализировать, оценивать и синтезировать информацию из различных надежных источников, социальных сетей и онлайн-сетей.",
            "group": null,
            "cluster": 6
        }
    },
    {
        "model": "pyp.pypatlskill",
        "pk": 58,
        "fields": {
            "name": "Compare, contrast and draw connections among (multi)media resources. ",
            "name_rus": "Сравнивать, конструировать и находить связи между источниками СМИ.",
            "group": null,
            "cluster": 6
        }
    },
    {
        "model": "pyp.pypatlskill",
        "pk": 59,
        "fields": {
            "name": "Seek a range of perspectives from multiple and varied media sources. ",
            "name_rus": "Искать различные точки зрения в многочисленных и разнообразных источниках средств массовой информации.",
            "group": null,
            "cluster": 6
        }
    },
    {
        "model": "pyp.pypatlskill",
        "pk": 60,
        "fields": {
            "name": "Demonstrate awareness of media interpretations of events and ideas. ",
            "name_rus": "Демонстрировать осведомленность интерпретации событий и идей в СМИ.",
            "group": null,
            "cluster": 6
        }
    },
    {
        "model": "pyp.pypatlskill",
        "pk": 61,
        "fields": {
            "name": "Communicate information and ideas effectively to multiple audiences using a variety of media and modalities. ",
            "name_rus": "Эффективно передавать информацию и идеи нескольким аудиториям с использованием различных средств и методов.",
            "group": null,
            "cluster": 6
        }
    },
    {
        "model": "pyp.pypatlskill",
        "pk": 62,
        "fields": {
            "name": "Use media ethically to communicate, share and connect with others. ",
            "name_rus": "Этично использовать СМИ чтобы общаться, делиться и взаимодействовать с окружающими.",
            "group": null,
            "cluster": 7
        }
    },
    {
        "model": "pyp.pypatlskill",
        "pk": 63,
        "fields": {
            "name": "Differentiate reliable from unreliable resources. ",
            "name_rus": "Различать надежные и ненадежные ресурсы.",
            "group": null,
            "cluster": 7
        }
    },
    {
        "model": "pyp.pypatlskill",
        "pk": 64,
        "fields": {
            "name": "Understand the impact of media representations and modes of presentation. ",
            "name_rus": "Понимать влияние СМИ.",
            "group": null,
            "cluster": 7
        }
    },
    {
        "model": "pyp.pypatlskill",
        "pk": 65,
        "fields": {
            "name": "Listen to, and follow the information and directions of others. ",
            "name_rus": "Слушать и следовать информации и инструкциям, полученных от других людей.",
            "group": 10,
            "cluster": 8
        }
    },
    {
        "model": "pyp.pypatlskill",
        "pk": 66,
        "fields": {
            "name": "Listen actively to other perspectives and ideas. ",
            "name_rus": "Внимательно выслушивать чужие точки зрения и идеи.",
            "group": 10,
            "cluster": 8
        }
    },
    {
        "model": "pyp.pypatlskill",
        "pk": 67,
        "fields": {
            "name": "Ask for clarifications.",
            "name_rus": "Просить разъяснений.",
            "group": 10,
            "cluster": 8
        }
    },
    {
        "model": "pyp.pypatlskill",
        "pk": 68,
        "fields": {
            "name": "Listen actively and respectfully while others speak. ",
            "name_rus": "Слушать других внимательно и уважительно.",
            "group": 10,
            "cluster": 8
        }
    },
    {
        "model": "pyp.pypatlskill",
        "pk": 69,
        "fields": {
            "name": "Interpret visual, audio and oral communication: recognizing and creating signs, interpreting and using symbols and sounds. ",
            "name_rus": "Понимать (интерпретировать) визуальную, аудиальную и речевую информацию: узнавать и создавать знаки, интерпретировать и использовать символы и звуки.",
            "group": 11,
            "cluster": 8
        }
    },
    {
        "model": "pyp.pypatlskill",
        "pk": 70,
        "fields": {
            "name": "Understand the ways in which images and language interact to convey ideas. ",
            "name_rus": "Понимать способы взаимодействия образов и языка для передачи идей.",
            "group": 11,
            "cluster": 8
        }
    },
    {
        "model": "pyp.pypatlskill",
        "pk": 71,
        "fields": {
            "name": "Recognize the meaning of kinesthetic communication (body language). ",
            "name_rus": "Понимать значение кинестетического общения (язык тела).",
            "group": 11,
            "cluster": 8
        }
    },
    {
        "model": "pyp.pypatlskill",
        "pk": 72,
        "fields": {
            "name": "Be aware of cultural differences when providing and interpreting communication. ",
            "name_rus": "Понимать культурные различия при общении с разными людьми.",
            "group": 11,
            "cluster": 8
        }
    },
    {
        "model": "pyp.pypatlskill",
        "pk": 73,
        "fields": {
            "name": "Speak and express ideas clearly and logically in small and large groups. ",
            "name_rus": "Высказывать и выражать идеи четко и логично в малых и больших группах.",
            "group": 12,
            "cluster": 8
        }
    },
    {
        "model": "pyp.pypatlskill",
        "pk": 74,
        "fields": {
            "name": "Give and receive meaningful feedback and feedforward. ",
            "name_rus": "Давать и получать значимую обратную связь.",
            "group": 12,
            "cluster": 8
        }
    },
    {
        "model": "pyp.pypatlskill",
        "pk": 75,
        "fields": {
            "name": "State opinions clearly, logically and respectfully. ",
            "name_rus": "Излагать свое мнение четко, логично и уважительно.",
            "group": 12,
            "cluster": 8
        }
    },
    {
        "model": "pyp.pypatlskill",
        "pk": 76,
        "fields": {
            "name": "Discuss and negotiate ideas and knowledge with peers and teachers",
            "name_rus": "Обсуждать идеи и знания с одноклассниками и учителями.",
            "group": 12,
            "cluster": 8
        }
    },
    {
        "model": "pyp.pypatlskill",
        "pk": 77,
        "fields": {
            "name": "Communicate with peers, experts and members of the learning community using a variety of digital environments and media",
            "name_rus": "Общаться с одноклассниками, экспертами и членами учебного сообщества используя различные цифровые ресурсы и СМИ",
            "group": 12,
            "cluster": 8
        }
    },
    {
        "model": "pyp.pypatlskill",
        "pk": 78,
        "fields": {
            "name": "Read a variety of sources for information and for pleasure",
            "name_rus": "Читать различные источники для получения информации и для удовольствия.",
            "group": 13,
            "cluster": 9
        }
    },
    {
        "model": "pyp.pypatlskill",
        "pk": 79,
        "fields": {
            "name": "Read critically and for comprehension",
            "name_rus": "Читать критически и для понимания.",
            "group": 13,
            "cluster": 9
        }
    },
    {
        "model": "pyp.pypatlskill",
        "pk": 80,
        "fields": {
            "name": "Make inferences and draw conclusions. ",
            "name_rus": "Находить закономерности и делать соответствующие выводы.",
            "group": 13,
            "cluster": 9
        }
    },
    {
        "model": "pyp.pypatlskill",
        "pk": 81,
        "fields": {
            "name": "Use and interpret a range of terms and symbols. ",
            "name_rus": "Использовать и интерпретировать различные термины и символы.",
            "group": 13,
            "cluster": 9
        }
    },
    {
        "model": "pyp.pypatlskill",
        "pk": 82,
        "fields": {
            "name": "Use appropriate forms of writing for different purposes and audiences. ",
            "name_rus": "Использовать соответствующие формы письма для различных целей и аудиторий.",
            "group": 14,
            "cluster": 9
        }
    },
    {
        "model": "pyp.pypatlskill",
        "pk": 83,
        "fields": {
            "name": "Paraphrase accurately and concisely. ",
            "name_rus": "Уметь перефразировать точно и лаконично.",
            "group": 14,
            "cluster": 9
        }
    },
    {
        "model": "pyp.pypatlskill",
        "pk": 84,
        "fields": {
            "name": "Record information and observations by hand and through digital technologies. ",
            "name_rus": "Записывать информацию и наблюдения вручную и с помощью цифровых средств.",
            "group": 14,
            "cluster": 9
        }
    },
    {
        "model": "pyp.pypatlskill",
        "pk": 85,
        "fields": {
            "name": "Use a variety of scaffolding for writing tasks. ",
            "name_rus": "Использовать различные схемы для написания текстов.",
            "group": 14,
            "cluster": 9
        }
    },
    {
        "model": "pyp.pypatlskill",
        "pk": 86,
        "fields": {
            "name": "Organize information logically. ",
            "name_rus": "Организовывать информацию логически.",
            "group": 14,
            "cluster": 9
        }
    },
    {
        "model": "pyp.pypatlskill",
        "pk": 87,
        "fields": {
            "name": "Make summary notes. ",
            "name_rus": "Делать обобщающие записи.",
            "group": 14,
            "cluster": 9
        }
    },
    {
        "model": "pyp.pypatlskill",
        "pk": 88,
        "fields": {
            "name": "Communicate using a range of technologies and media. ",
            "name_rus": "Взаимодействовать с использованием различных технологий и СМИ.",
            "group": 14,
            "cluster": 9
        }
    },
    {
        "model": "pyp.pypatlskill",
        "pk": 89,
        "fields": {
            "name": "Understand and use mathematical notation and other symbols. ",
            "name_rus": "Понимать и использовать математические обозначения и символы.",
            "group": 14,
            "cluster": 9
        }
    },
    {
        "model": "pyp.pypatlskill",
        "pk": 90,
        "fields": {
            "name": "Responsibly participate in, and contribute to, digital social media networks. ",
            "name_rus": "Ответственно участвовать и вносить свой вклад в цифровые социальные сети.",
            "group": 14,
            "cluster": 9
        }
    },
    {
        "model": "pyp.pypatlskill",
        "pk": 91,
        "fields": {
            "name": "Understand the impact of media representations and modes of presentation. ",
            "name_rus": "Понимать влияние различных видов СМИ.",
            "group": null,
            "cluster": 10
        }
    },
    {
        "model": "pyp.pypatlskill",
        "pk": 92,
        "fields": {
            "name": "Make informed choices about modes of communication based on audience. ",
            "name_rus": "Делать осознанный выбор о стиле общения в зависимости от аудитории.",
            "group": null,
            "cluster": 10
        }
    },
    {
        "model": "pyp.pypatlskill",
        "pk": 93,
        "fields": {
            "name": "Communicate information and ideas effectively to multiple audiences using a variety of media and modalities. ",
            "name_rus": "Эффективно взаимодействовать с любой аудиторией, используя различные средства и методы. ",
            "group": null,
            "cluster": 10
        }
    },
    {
        "model": "pyp.pypatlskill",
        "pk": 94,
        "fields": {
            "name": "Practice empathy and care for others. ",
            "name_rus": "Проявлять сочувствие и заботу о окружающих.",
            "group": 15,
            "cluster": 11
        }
    },
    {
        "model": "pyp.pypatlskill",
        "pk": 95,
        "fields": {
            "name": "Listen closely to others’ perspectives and to instructions. ",
            "name_rus": "Внимательно прислушиваться к чужим взглядам и инструкциям.",
            "group": 15,
            "cluster": 11
        }
    },
    {
        "model": "pyp.pypatlskill",
        "pk": 96,
        "fields": {
            "name": "Be respectful to others. ",
            "name_rus": "Проявлять уважение к окружающим.",
            "group": 15,
            "cluster": 11
        }
    },
    {
        "model": "pyp.pypatlskill",
        "pk": 97,
        "fields": {
            "name": "Learn cooperatively in a group: being courteous, sharing, taking turns. ",
            "name_rus": "Уметь сотрудничать в группе: быть вежливым, делиться, выступать по очереди.",
            "group": 15,
            "cluster": 11
        }
    },
    {
        "model": "pyp.pypatlskill",
        "pk": 98,
        "fields": {
            "name": "Help others to succeed. ",
            "name_rus": "Помогать другим добиваться успеха. ",
            "group": 15,
            "cluster": 11
        }
    },
    {
        "model": "pyp.pypatlskill",
        "pk": 99,
        "fields": {
            "name": "Build consensus and negotiate effectively. ",
            "name_rus": "Достигать консенсуса и эффективно вести переговоры.",
            "group": 15,
            "cluster": 11
        }
    },
    {
        "model": "pyp.pypatlskill",
        "pk": 100,
        "fields": {
            "name": "Make fair and equitable decisions. ",
            "name_rus": "Принимать справедливые и равноправные решения.",
            "group": 15,
            "cluster": 11
        }
    },
    {
        "model": "pyp.pypatlskill",
        "pk": 101,
        "fields": {
            "name": "Encourage others to contribute. ",
            "name_rus": "Поощрять других вносить свой вклад.",
            "group": 15,
            "cluster": 11
        }
    },
    {
        "model": "pyp.pypatlskill",
        "pk": 102,
        "fields": {
            "name": "Take on a variety of roles in group learning. ",
            "name_rus": "Брать на себя различные роли в группе.",
            "group": 15,
            "cluster": 11
        }
    },
    {
        "model": "pyp.pypatlskill",
        "pk": 103,
        "fields": {
            "name": "Advocate for one’s own rights and needs, and those of others. ",
            "name_rus": "Отстаивать свои права и потребности, а также права и потребности других.",
            "group": 15,
            "cluster": 11
        }
    },
    {
        "model": "pyp.pypatlskill",
        "pk": 104,
        "fields": {
            "name": "Be aware of own and others’ emotions. ",
            "name_rus": "Осознавать свои и чужие эмоции.",
            "group": 16,
            "cluster": 11
        }
    },
    {
        "model": "pyp.pypatlskill",
        "pk": 105,
        "fields": {
            "name": "Manage anger and resolve conflict. ",
            "name_rus": "Умение управлять гневом и решать конфликты.",
            "group": 16,
            "cluster": 11
        }
    },
    {
        "model": "pyp.pypatlskill",
        "pk": 106,
        "fields": {
            "name": "Be self and socially aware. ",
            "name_rus": "Быть самостоятельным и социально ответственным.",
            "group": 16,
            "cluster": 11
        }
    },
    {
        "model": "pyp.pypatlskill",
        "pk": 107,
        "fields": {
            "name": "Be aware of own and others’ impact as a member of a learning group. ",
            "name_rus": "Осознавать свое и чужое влияние в учебной группе. ",
            "group": 16,
            "cluster": 11
        }
    },
    {
        "model": "pyp.pypatlskill",
        "pk": 108,
        "fields": {
            "name": "Plan short- and long-term tasks. ",
            "name_rus": "Планировать краткосрочные или долгосрочные задачи.",
            "group": null,
            "cluster": 12
        }
    },
    {
        "model": "pyp.pypatlskill",
        "pk": 109,
        "fields": {
            "name": "Set goals that are challenging and realistic. ",
            "name_rus": "Устанавливать сложные, но реалистичные цели.",
            "group": null,
            "cluster": 12
        }
    },
    {
        "model": "pyp.pypatlskill",
        "pk": 110,
        "fields": {
            "name": "Use time effectively and appropriately. ",
            "name_rus": "Эффективно использовать временные ресурсы.",
            "group": null,
            "cluster": 12
        }
    },
    {
        "model": "pyp.pypatlskill",
        "pk": 111,
        "fields": {
            "name": "Bring necessary equipment and supplies to class. ",
            "name_rus": "Иметь необходимое оборудование (школьные принадлежности) в классе.",
            "group": null,
            "cluster": 12
        }
    },
    {
        "model": "pyp.pypatlskill",
        "pk": 112,
        "fields": {
            "name": "Keep an organized and logical system to document learning. ",
            "name_rus": "Иметь организованную и логически выстроенную систему учебной документации.",
            "group": null,
            "cluster": 12
        }
    },
    {
        "model": "pyp.pypatlskill",
        "pk": 113,
        "fields": {
            "name": "Understand and use learning preferences. ",
            "name_rus": "Понимать и использовать предпочтения в учебе.",
            "group": null,
            "cluster": 12
        }
    },
    {
        "model": "pyp.pypatlskill",
        "pk": 114,
        "fields": {
            "name": "Use technology effectively and productively. ",
            "name_rus": "Эффективно и продуктивно использовать технологии.",
            "group": null,
            "cluster": 12
        }
    },
    {
        "model": "pyp.pypatlskill",
        "pk": 115,
        "fields": {
            "name": "Take on and complete tasks as agreed. ",
            "name_rus": "Выполнять до конца поставленные задачи.",
            "group": null,
            "cluster": 12
        }
    },
    {
        "model": "pyp.pypatlskill",
        "pk": 116,
        "fields": {
            "name": "Delegate and share responsibility for decision-making. ",
            "name_rus": "Делегировать и разделять ответственность за принятие решений.",
            "group": null,
            "cluster": 12
        }
    },
    {
        "model": "pyp.pypatlskill",
        "pk": 117,
        "fields": {
            "name": "Use strategies to support concentration and overcome distractions. ",
            "name_rus": "Использовать стратегии для поддержки концентрации внимания и преодоления отвлекающих факторов.",
            "group": 17,
            "cluster": 13
        }
    },
    {
        "model": "pyp.pypatlskill",
        "pk": 118,
        "fields": {
            "name": "Be aware of body–mind connections. ",
            "name_rus": "Осознание связи между телом и умом.",
            "group": 17,
            "cluster": 13
        }
    },
    {
        "model": "pyp.pypatlskill",
        "pk": 119,
        "fields": {
            "name": "Demonstrate persistence. ",
            "name_rus": "Проявлять настойчивость.",
            "group": 18,
            "cluster": 13
        }
    },
    {
        "model": "pyp.pypatlskill",
        "pk": 120,
        "fields": {
            "name": "Use strategies to remove barriers. ",
            "name_rus": "Использовать стратегии для устранения барьеров",
            "group": 18,
            "cluster": 13
        }
    },
    {
        "model": "pyp.pypatlskill",
        "pk": 121,
        "fields": {
            "name": "Take responsibility for one’s own actions. ",
            "name_rus": "Брать на себя ответственность за свои действия.",
            "group": 19,
            "cluster": 13
        }
    },
    {
        "model": "pyp.pypatlskill",
        "pk": 122,
        "fields": {
            "name": "Use strategies to prevent and eliminate bullying. ",
            "name_rus": "Использовать стратегии для предотвращения и устранения травли (буллинга).",
            "group": 19,
            "cluster": 13
        }
    },
    {
        "model": "pyp.pypatlskill",
        "pk": 123,
        "fields": {
            "name": "Use strategies to reduce stress and anxiety. ",
            "name_rus": "Использовать стратегии для снижения стресса и тревоги.",
            "group": 19,
            "cluster": 13
        }
    },
    {
        "model": "pyp.pypatlskill",
        "pk": 124,
        "fields": {
            "name": "Manage anger and resolve conflict. ",
            "name_rus": "Уметь справляться с гневом и разрешать конфликты.",
            "group": 19,
            "cluster": 13
        }
    },
    {
        "model": "pyp.pypatlskill",
        "pk": 125,
        "fields": {
            "name": "Practice positive thinking and language that reinforces self-motivation.",
            "name_rus": "Практиковать позитивное мышление и язык, который усиливает мотивацию.",
            "group": 20,
            "cluster": 13
        }
    },
    {
        "model": "pyp.pypatlskill",
        "pk": 126,
        "fields": {
            "name": "Manage setbacks.",
            "name_rus": "Справляться с неудачами.",
            "group": 21,
            "cluster": 13
        }
    },
    {
        "model": "pyp.pypatlskill",
        "pk": 127,
        "fields": {
            "name": "Work through adversity.",
            "name_rus": "Работать в условиях неприятностей. ",
            "group": 21,
            "cluster": 13
        }
    },
    {
        "model": "pyp.pypatlskill",
        "pk": 128,
        "fields": {
            "name": "Work through disappointment.",
            "name_rus": "Работать в условиях разочарования.",
            "group": 21,
            "cluster": 13
        }
    },
    {
        "model": "pyp.pypatlskill",
        "pk": 129,
        "fields": {
            "name": "Work through change.",
            "name_rus": "Работать в условиях изменений.",
            "group": 21,
            "cluster": 13
        }
    },
    {
        "model": "pyp.pypunitplanner",
        "pk": 1,
        "fields": {
            "transdisciplinary_theme": 5,
            "central_idea": "<p>Стать СТУДЕНТОМ &ndash; &nbsp;значит научиться уважительно общаться и соблюдать порядок</p>",
            "action": null,
            "reflections_initial": null,
            "prior_learning": null,
            "connections": null,
            "learning_goals": null,
            "questions_teacher": null,
            "questions_student": null,
            "engaging_learning": null,
            "supporting_agency": null,
            "questions_all": null,
            "ongoing_assessment": null,
            "resources": null,
            "peer_self_assessment": null,
            "reflections_ongoing": null,
            "reflections_additional": null,
            "notes": null,
            "key_concepts": [
                6,
                1,
                5
            ]
        }
    },
    {
        "model": "pyp.pypunitplanner",
        "pk": 2,
        "fields": {
            "transdisciplinary_theme": 1,
            "central_idea": "<p>Стать исследователем значит научиться наблюдать, измерять и применять</p>",
            "action": null,
            "reflections_initial": null,
            "prior_learning": null,
            "connections": null,
            "learning_goals": null,
            "questions_teacher": null,
            "questions_student": null,
            "engaging_learning": null,
            "supporting_agency": null,
            "questions_all": null,
            "ongoing_assessment": null,
            "resources": null,
            "peer_self_assessment": null,
            "reflections_ongoing": null,
            "reflections_additional": null,
            "notes": null,
            "key_concepts": [
                3,
                1,
                2
            ]
        }
    },
    {
        "model": "pyp.pypunitplanner",
        "pk": 3,
        "fields": {
            "transdisciplinary_theme": 3,
            "central_idea": "<p>Я могу выразить себя, помогая организовывать семейные праздники</p>",
            "action": null,
            "reflections_initial": null,
            "prior_learning": null,
            "connections": null,
            "learning_goals": null,
            "questions_teacher": null,
            "questions_student": null,
            "engaging_learning": null,
            "supporting_agency": null,
            "questions_all": null,
            "ongoing_assessment": null,
            "resources": null,
            "peer_self_assessment": null,
            "reflections_ongoing": null,
            "reflections_additional": null,
            "notes": null,
            "key_concepts": [
                6,
                1,
                7
            ]
        }
    },
    {
        "model": "pyp.pypunitplanner",
        "pk": 4,
        "fields": {
            "transdisciplinary_theme": 4,
            "central_idea": "<p>Образ жизни человека влияет на его здоровье и благополучие</p>",
            "action": null,
            "reflections_initial": null,
            "prior_learning": null,
            "connections": null,
            "learning_goals": null,
            "questions_teacher": null,
            "questions_student": null,
            "engaging_learning": null,
            "supporting_agency": null,
            "questions_all": null,
            "ongoing_assessment": null,
            "resources": null,
            "peer_self_assessment": null,
            "reflections_ongoing": null,
            "reflections_additional": null,
            "notes": null,
            "key_concepts": [
                3,
                2,
                5
            ]
        }
    },
    {
        "model": "pyp.pypunitplanner",
        "pk": 5,
        "fields": {
            "transdisciplinary_theme": 2,
            "central_idea": "<p>Мы изучаем историю родного города, его настоящее, чтобы мечтать о будущем</p>",
            "action": null,
            "reflections_initial": null,
            "prior_learning": null,
            "connections": null,
            "learning_goals": null,
            "questions_teacher": null,
            "questions_student": null,
            "engaging_learning": null,
            "supporting_agency": null,
            "questions_all": null,
            "ongoing_assessment": null,
            "resources": null,
            "peer_self_assessment": null,
            "reflections_ongoing": null,
            "reflections_additional": null,
            "notes": null,
            "key_concepts": [
                4,
                2,
                5
            ]
        }
    },
    {
        "model": "pyp.pypunitplanner",
        "pk": 6,
        "fields": {
            "transdisciplinary_theme": 6,
            "central_idea": "<p>Сохраняя разнообразие животного мира, мы сохраняем планету</p>",
            "action": null,
            "reflections_initial": null,
            "prior_learning": null,
            "connections": null,
            "learning_goals": null,
            "questions_teacher": null,
            "questions_student": null,
            "engaging_learning": null,
            "supporting_agency": null,
            "questions_all": null,
            "ongoing_assessment": null,
            "resources": null,
            "peer_self_assessment": null,
            "reflections_ongoing": null,
            "reflections_additional": null,
            "notes": null,
            "key_concepts": [
                4,
                6,
                5
            ]
        }
    },
    {
        "model": "pyp.pyplinesofinquiry",
        "pk": 1,
        "fields": {
            "name": "Культура общения в классе и за ее пределами",
            "key_concept": 1,
            "unit": 1
        }
    },
    {
        "model": "pyp.pyplinesofinquiry",
        "pk": 2,
        "fields": {
            "name": "Наши помощники в учебе – это расписание и режим",
            "key_concept": 6,
            "unit": 1
        }
    },
    {
        "model": "pyp.pyplinesofinquiry",
        "pk": 3,
        "fields": {
            "name": "Мы теперь не просто дети, мы теперь ученики",
            "key_concept": 5,
            "unit": 1
        }
    },
    {
        "model": "pyp.pyplinesofinquiry",
        "pk": 4,
        "fields": {
            "name": "Кто такой исследователь?",
            "key_concept": 1,
            "unit": 2
        }
    },
    {
        "model": "pyp.pyplinesofinquiry",
        "pk": 5,
        "fields": {
            "name": "Методы и инструменты исследования",
            "key_concept": 2,
            "unit": 2
        }
    },
    {
        "model": "pyp.pyplinesofinquiry",
        "pk": 6,
        "fields": {
            "name": "Я – студент - исследователь",
            "key_concept": 3,
            "unit": 2
        }
    },
    {
        "model": "pyp.pyplinesofinquiry",
        "pk": 7,
        "fields": {
            "name": "Что такое праздник?",
            "key_concept": 1,
            "unit": 3
        }
    },
    {
        "model": "pyp.pyplinesofinquiry",
        "pk": 8,
        "fields": {
            "name": "В каждой семье существуют свои традиции и праздники",
            "key_concept": 7,
            "unit": 3
        }
    },
    {
        "model": "pyp.pyplinesofinquiry",
        "pk": 9,
        "fields": {
            "name": "Через создание праздника я могу выразить свое отношение к близким людям",
            "key_concept": 6,
            "unit": 3
        }
    },
    {
        "model": "pyp.pyplinesofinquiry",
        "pk": 10,
        "fields": {
            "name": "Здоровый образ жизни (режим дня, питание, физ. нагрузки)",
            "key_concept": 3,
            "unit": 4
        }
    },
    {
        "model": "pyp.pyplinesofinquiry",
        "pk": 11,
        "fields": {
            "name": "Грамотное распределение времени между работой и отдыхом",
            "key_concept": 2,
            "unit": 4
        }
    },
    {
        "model": "pyp.pyplinesofinquiry",
        "pk": 12,
        "fields": {
            "name": "Соблюдение правил гигиены способствует поддержанию здоровья и благополучия",
            "key_concept": 5,
            "unit": 4
        }
    },
    {
        "model": "pyp.pyplinesofinquiry",
        "pk": 13,
        "fields": {
            "name": "История родного города",
            "key_concept": 4,
            "unit": 5
        }
    },
    {
        "model": "pyp.pyplinesofinquiry",
        "pk": 14,
        "fields": {
            "name": "Как устроен город?",
            "key_concept": 2,
            "unit": 5
        }
    },
    {
        "model": "pyp.pyplinesofinquiry",
        "pk": 15,
        "fields": {
            "name": "Город будущего",
            "key_concept": 5,
            "unit": 5
        }
    },
    {
        "model": "pyp.pyplinesofinquiry",
        "pk": 16,
        "fields": {
            "name": "Домашние и дикие животные",
            "key_concept": 4,
            "unit": 6
        }
    },
    {
        "model": "pyp.pyplinesofinquiry",
        "pk": 17,
        "fields": {
            "name": "Классификация животных",
            "key_concept": 6,
            "unit": 6
        }
    },
    {
        "model": "pyp.pyplinesofinquiry",
        "pk": 18,
        "fields": {
            "name": "Влияние человека на мир животных должно быть обдуманным",
            "key_concept": 5,
            "unit": 6
        }
    },
    {
        "model": "pyp.pypatldevelop",
        "pk": 1,
        "fields": {
            "category": 1,
            "cluster": null,
            "skill": null,
            "action": null,
            "unit": 1
        }
    },
    {
        "model": "pyp.pypatldevelop",
        "pk": 2,
        "fields": {
            "category": 2,
            "cluster": null,
            "skill": null,
            "action": null,
            "unit": 1
        }
    },
    {
        "model": "pyp.pypatldevelop",
        "pk": 3,
        "fields": {
            "category": 3,
            "cluster": null,
            "skill": null,
            "action": null,
            "unit": 1
        }
    },
    {
        "model": "pyp.pypatldevelop",
        "pk": 4,
        "fields": {
            "category": 1,
            "cluster": null,
            "skill": null,
            "action": null,
            "unit": 2
        }
    },
    {
        "model": "pyp.pypatldevelop",
        "pk": 5,
        "fields": {
            "category": 2,
            "cluster": null,
            "skill": null,
            "action": null,
            "unit": 2
        }
    },
    {
        "model": "pyp.pypatldevelop",
        "pk": 6,
        "fields": {
            "category": 4,
            "cluster": null,
            "skill": null,
            "action": null,
            "unit": 2
        }
    },
    {
        "model": "pyp.pypatldevelop",
        "pk": 7,
        "fields": {
            "category": 3,
            "cluster": null,
            "skill": null,
            "action": null,
            "unit": 2
        }
    },
    {
        "model": "pyp.pypatldevelop",
        "pk": 8,
        "fields": {
            "category": 5,
            "cluster": null,
            "skill": null,
            "action": null,
            "unit": 2
        }
    },
    {
        "model": "pyp.pypatldevelop",
        "pk": 9,
        "fields": {
            "category": 2,
            "cluster": null,
            "skill": null,
            "action": null,
            "unit": 3
        }
    },
    {
        "model": "pyp.pypatldevelop",
        "pk": 10,
        "fields": {
            "category": 3,
            "cluster": null,
            "skill": null,
            "action": null,
            "unit": 3
        }
    },
    {
        "model": "pyp.pypatldevelop",
        "pk": 11,
        "fields": {
            "category": 3,
            "cluster": null,
            "skill": null,
            "action": null,
            "unit": 4
        }
    },
    {
        "model": "pyp.pypatldevelop",
        "pk": 12,
        "fields": {
            "category": 5,
            "cluster": null,
            "skill": null,
            "action": "",
            "unit": 4
        }
    },
    {
        "model": "pyp.pypatldevelop",
        "pk": 13,
        "fields": {
            "category": 1,
            "cluster": null,
            "skill": null,
            "action": null,
            "unit": 5
        }
    },
    {
        "model": "pyp.pypatldevelop",
        "pk": 14,
        "fields": {
            "category": 2,
            "cluster": null,
            "skill": null,
            "action": null,
            "unit": 5
        }
    },
    {
        "model": "pyp.pypatldevelop",
        "pk": 15,
        "fields": {
            "category": 5,
            "cluster": null,
            "skill": null,
            "action": null,
            "unit": 5
        }
    },
    {
        "model": "pyp.pypatldevelop",
        "pk": 16,
        "fields": {
            "category": 2,
            "cluster": null,
            "skill": null,
            "action": null,
            "unit": 6
        }
    },
    {
        "model": "pyp.pypatldevelop",
        "pk": 17,
        "fields": {
            "category": 4,
            "cluster": null,
            "skill": null,
            "action": null,
            "unit": 6
        }
    },
    {
        "model": "pyp.pypatldevelop",
        "pk": 18,
        "fields": {
            "category": 5,
            "cluster": null,
            "skill": null,
            "action": null,
            "unit": 6
        }
    }
]