[{"model": "report.reportperiod", "pk": 1, "fields": {"order": 1, "name": "первое полугодие", "year": 1, "date_start": "2022-09-01", "date_end": "2022-12-31"}}, {"model": "report.reportperiod", "pk": 2, "fields": {"order": 2, "name": "учебный год", "year": 1, "date_start": "2023-01-01", "date_end": "2023-06-04"}}, {"model": "report.reportperiod", "pk": 3, "fields": {"order": 1, "name": "первое полугодие", "year": 2, "date_start": "2023-09-01", "date_end": "2023-12-31"}}, {"model": "report.reportperiod", "pk": 4, "fields": {"order": 2, "name": "учебный год", "year": 2, "date_start": "2024-01-01", "date_end": "2024-06-02"}}, {"model": "report.reportcriterion", "pk": 1, "fields": {"name": "Адаптационный период", "author": 92, "type": "[\"extra\"]", "years": [1], "subjects": []}}, {"model": "report.reportcriterion", "pk": 2, "fields": {"name": "Уровень сформированности учебной мотивации", "author": 92, "type": "[\"extra\"]", "years": [1, 2], "subjects": []}}, {"model": "report.reportcriterion", "pk": 3, "fields": {"name": "Уровень работоспособности/реакция на школьные нагрузки", "author": 92, "type": "[\"extra\"]", "years": [1], "subjects": []}}, {"model": "report.reportcriterion", "pk": 4, "fields": {"name": "Эмоциональный фон", "author": 92, "type": "[\"extra\"]", "years": [1, 2, 3, 4], "subjects": []}}, {"model": "report.reportcriterion", "pk": 5, "fields": {"name": "Соблюдение установленных правил и требований", "author": 92, "type": "[\"extra\"]", "years": [1, 2], "subjects": []}}, {"model": "report.reportcriterion", "pk": 6, "fields": {"name": "Взаимоотношения со сверстниками", "author": 92, "type": "[\"extra\"]", "years": [1, 2], "subjects": []}}, {"model": "report.reportcriterion", "pk": 7, "fields": {"name": "Позитивно взаимодействует со сверстниками", "author": 74, "type": "[\"extra\"]", "years": [5, 6, 7, 8, 9, 10, 11], "subjects": []}}, {"model": "report.reportcriterion", "pk": 8, "fields": {"name": "Умеет самостоятельно решать конфликты", "author": 74, "type": "[\"extra\"]", "years": [5, 6, 7, 8, 9, 10, 11], "subjects": []}}, {"model": "report.reportcriterion", "pk": 9, "fields": {"name": "Быстро включается в работу. Активно работает на уроках", "author": 74, "type": "[\"extra\"]", "years": [5, 6, 7, 8, 9, 10, 11], "subjects": []}}, {"model": "report.reportcriterion", "pk": 10, "fields": {"name": "Демонстрирует зрелость в поведении и суждениях", "author": 74, "type": "[\"extra\"]", "years": [5, 6, 7, 8, 9, 10, 11], "subjects": []}}, {"model": "report.reportcriterion", "pk": 11, "fields": {"name": "Нацелен на достижение результата, целеустремлен", "author": 74, "type": "[\"extra\"]", "years": [5, 6, 7, 8, 9, 10, 11], "subjects": []}}, {"model": "report.reportcriterion", "pk": 12, "fields": {"name": "Проявляет стойкость при столкновении с трудностями и настойчивость при достижении цели", "author": 74, "type": "[\"extra\"]", "years": [5, 6, 7, 8, 9, 10, 11], "subjects": []}}, {"model": "report.reportcriterion", "pk": 13, "fields": {"name": "Успешно адаптируется к меняющимся условиям", "author": 74, "type": "[\"extra\"]", "years": [5, 6, 7, 8, 9, 10, 11], "subjects": []}}, {"model": "report.reportcriterion", "pk": 14, "fields": {"name": "Ведет себя в соответствии со школьными правилами", "author": 74, "type": "[\"extra\"]", "years": [5, 6, 7, 8, 9, 10, 11], "subjects": []}}, {"model": "report.reportcriterion", "pk": 15, "fields": {"name": "Эмоциональное стабильное состояние", "author": 74, "type": "[\"extra\"]", "years": [5, 6, 7, 8, 9, 10, 11], "subjects": []}}, {"model": "report.reportcriterion", "pk": 16, "fields": {"name": "Проявляет агрессию", "author": 74, "type": "[\"extra\"]", "years": [5, 6, 7, 8, 9, 10, 11], "subjects": []}}, {"model": "report.reportcriterion", "pk": 17, "fields": {"name": "Проявляет тревожность", "author": 74, "type": "[\"extra\"]", "years": [5, 6, 7, 8, 9, 10, 11], "subjects": []}}, {"model": "report.reportcriterion", "pk": 18, "fields": {"name": "Настроение в школе", "author": 92, "type": "[\"extra\"]", "years": [2], "subjects": []}}, {"model": "report.reportcriterion", "pk": 19, "fields": {"name": "Умение решать спорные/конфликтные ситуации", "author": 92, "type": "[\"extra\"]", "years": [2], "subjects": []}}, {"model": "report.reportcriterionlevel", "pk": 1, "fields": {"criterion": 1, "name": "A", "description": "Адаптационный период прошёл спокойно, студент достаточно быстро адаптировался к школьным условиям", "point": 3}}, {"model": "report.reportcriterionlevel", "pk": 2, "fields": {"criterion": 1, "name": "B", "description": "Адаптационный период проходил то достаточно спокойно, то возникали различные трудности, при этом продолжительные сильные отрицательные переживания не выявлены", "point": 3}}, {"model": "report.reportcriterionlevel", "pk": 3, "fields": {"criterion": 1, "name": "C", "description": "Студент испытывал значительные трудности в привыкании к школе", "point": 1}}, {"model": "report.reportcriterionlevel", "pk": 4, "fields": {"criterion": 2, "name": "A", "description": "Студент имеет положительную мотивацию к школе, достаточно быстро и спокойно усваивает программный материал", "point": 3}}, {"model": "report.reportcriterionlevel", "pk": 5, "fields": {"criterion": 2, "name": "B", "description": "В целом студент понимает наглядное пояснение учителя, усваивает основной материал учебных программ, однако на текущий период социальные связи более значимы, чем учебный процесс", "point": 3}}, {"model": "report.reportcriterionlevel", "pk": 6, "fields": {"criterion": 2, "name": "C", "description": "Игровая мотивация преобладает над учебной. Учебный материал усваивается фрагментарно, студент не проявляет ярко выраженного интереса к занятиям", "point": 1}}, {"model": "report.reportcriterionlevel", "pk": 7, "fields": {"criterion": 3, "name": "A", "description": "Студент демонстрирует оптимальную работоспособность, активен в течение дня, нагрузки соответствуют возможностям студента", "point": 3}}, {"model": "report.reportcriterionlevel", "pk": 8, "fields": {"criterion": 3, "name": "B", "description": "Студент демонстрирует состояние усталости, самовосстановление  работоспособности происходит за счет периодического снижения активности. Энергетический потенциал невысок, но вполне достаточен для успешной деятельности в привычных спокойных условиях", "point": 3}}, {"model": "report.reportcriterionlevel", "pk": 9, "fields": {"criterion": 3, "name": "C", "description": "Студент демонстрирует переутомление, низкую работоспособность. Нагрузки превышают возможности студента на текущий момент, требуется их снижение", "point": 1}}, {"model": "report.reportcriterionlevel", "pk": 10, "fields": {"criterion": 4, "name": "A", "description": "Преобладают положительные эмоции, студент настроен оптимистично", "point": 3}}, {"model": "report.reportcriterionlevel", "pk": 11, "fields": {"criterion": 4, "name": "B", "description": "Эмоционально состояние стабильное. Студент испытывает как позитивные эмоции, так и негативные, может самостоятельно справиться с ними", "point": 3}}, {"model": "report.reportcriterionlevel", "pk": 12, "fields": {"criterion": 4, "name": "C", "description": "У студента преобладают отрицательные эмоции, доминирует плохое настроение и негативное отношение к учебному процессу", "point": 1}}, {"model": "report.reportcriterionlevel", "pk": 13, "fields": {"criterion": 5, "name": "A", "description": "Студент осознает круг своих обязанностей и соблюдает школьные требования", "point": 3}}, {"model": "report.reportcriterionlevel", "pk": 14, "fields": {"criterion": 5, "name": "B", "description": "Студент может нарушать установленные правила, тем не менее старается прислушиваться к требованиям педагога", "point": 2}}, {"model": "report.reportcriterionlevel", "pk": 15, "fields": {"criterion": 5, "name": "C", "description": "Студент регулярно нарушает установленные правила поведения и требования, предьявляемые взрослым", "point": 1}}, {"model": "report.reportcriterionlevel", "pk": 16, "fields": {"criterion": 6, "name": "A", "description": "Студент активно взаимодействует со сверстниками", "point": 3}}, {"model": "report.reportcriterionlevel", "pk": 17, "fields": {"criterion": 6, "name": "B", "description": "Студент поддерживает дружеские отношения с многими одноклассниками", "point": 3}}, {"model": "report.reportcriterionlevel", "pk": 18, "fields": {"criterion": 6, "name": "C", "description": "Студент мало общается с одноклассниками, больше предпочитает быть один. Могут возникать конфликтные ситуации", "point": 1}}, {"model": "report.reportcriterionlevel", "pk": 19, "fields": {"criterion": 7, "name": "Редко", "description": "", "point": 1}}, {"model": "report.reportcriterionlevel", "pk": 20, "fields": {"criterion": 7, "name": "Иногда", "description": "", "point": 1}}, {"model": "report.reportcriterionlevel", "pk": 21, "fields": {"criterion": 7, "name": "Часто", "description": "", "point": 1}}, {"model": "report.reportcriterionlevel", "pk": 22, "fields": {"criterion": 8, "name": "Редко", "description": "", "point": 1}}, {"model": "report.reportcriterionlevel", "pk": 23, "fields": {"criterion": 8, "name": "Иногда", "description": "", "point": 2}}, {"model": "report.reportcriterionlevel", "pk": 24, "fields": {"criterion": 8, "name": "Часто", "description": "", "point": 3}}, {"model": "report.reportcriterionlevel", "pk": 25, "fields": {"criterion": 8, "name": "Всегда", "description": "", "point": 4}}, {"model": "report.reportcriterionlevel", "pk": 26, "fields": {"criterion": 9, "name": "Редко", "description": "", "point": 1}}, {"model": "report.reportcriterionlevel", "pk": 27, "fields": {"criterion": 9, "name": "Иногда", "description": "", "point": 2}}, {"model": "report.reportcriterionlevel", "pk": 28, "fields": {"criterion": 9, "name": "Часто", "description": "", "point": 3}}, {"model": "report.reportcriterionlevel", "pk": 29, "fields": {"criterion": 9, "name": "Всегда", "description": "", "point": 4}}, {"model": "report.reportcriterionlevel", "pk": 30, "fields": {"criterion": 10, "name": "Редко", "description": "", "point": 1}}, {"model": "report.reportcriterionlevel", "pk": 31, "fields": {"criterion": 10, "name": "Иногда", "description": "", "point": 2}}, {"model": "report.reportcriterionlevel", "pk": 32, "fields": {"criterion": 10, "name": "Часто", "description": "", "point": 3}}, {"model": "report.reportcriterionlevel", "pk": 33, "fields": {"criterion": 10, "name": "Всегда", "description": "", "point": 4}}, {"model": "report.reportcriterionlevel", "pk": 34, "fields": {"criterion": 11, "name": "Редко", "description": "", "point": 1}}, {"model": "report.reportcriterionlevel", "pk": 35, "fields": {"criterion": 11, "name": "Иногда", "description": "", "point": 2}}, {"model": "report.reportcriterionlevel", "pk": 36, "fields": {"criterion": 11, "name": "Часто", "description": "", "point": 3}}, {"model": "report.reportcriterionlevel", "pk": 37, "fields": {"criterion": 11, "name": "Всегда", "description": "", "point": 4}}, {"model": "report.reportcriterionlevel", "pk": 38, "fields": {"criterion": 12, "name": "Редко", "description": "", "point": 1}}, {"model": "report.reportcriterionlevel", "pk": 39, "fields": {"criterion": 12, "name": "Иногда", "description": "", "point": 2}}, {"model": "report.reportcriterionlevel", "pk": 40, "fields": {"criterion": 12, "name": "Часто", "description": "", "point": 3}}, {"model": "report.reportcriterionlevel", "pk": 41, "fields": {"criterion": 12, "name": "Всегда", "description": "", "point": 4}}, {"model": "report.reportcriterionlevel", "pk": 42, "fields": {"criterion": 13, "name": "Редко", "description": "", "point": 1}}, {"model": "report.reportcriterionlevel", "pk": 43, "fields": {"criterion": 13, "name": "Иногда", "description": "", "point": 2}}, {"model": "report.reportcriterionlevel", "pk": 44, "fields": {"criterion": 13, "name": "Часто", "description": "", "point": 3}}, {"model": "report.reportcriterionlevel", "pk": 45, "fields": {"criterion": 13, "name": "Всегда", "description": "", "point": 4}}, {"model": "report.reportcriterionlevel", "pk": 46, "fields": {"criterion": 14, "name": "Редко", "description": "", "point": 1}}, {"model": "report.reportcriterionlevel", "pk": 47, "fields": {"criterion": 14, "name": "Иногда", "description": "", "point": 2}}, {"model": "report.reportcriterionlevel", "pk": 48, "fields": {"criterion": 14, "name": "Часто", "description": "", "point": 3}}, {"model": "report.reportcriterionlevel", "pk": 49, "fields": {"criterion": 14, "name": "Всегда", "description": "", "point": 4}}, {"model": "report.reportcriterionlevel", "pk": 50, "fields": {"criterion": 15, "name": "Редко", "description": "", "point": 1}}, {"model": "report.reportcriterionlevel", "pk": 51, "fields": {"criterion": 15, "name": "Иногда", "description": "", "point": 2}}, {"model": "report.reportcriterionlevel", "pk": 52, "fields": {"criterion": 15, "name": "Часто", "description": "", "point": 3}}, {"model": "report.reportcriterionlevel", "pk": 53, "fields": {"criterion": 15, "name": "Всегда", "description": "", "point": 4}}, {"model": "report.reportcriterionlevel", "pk": 54, "fields": {"criterion": 16, "name": "Редко", "description": "", "point": 1}}, {"model": "report.reportcriterionlevel", "pk": 55, "fields": {"criterion": 16, "name": "Иногда", "description": "", "point": 2}}, {"model": "report.reportcriterionlevel", "pk": 56, "fields": {"criterion": 16, "name": "Часто", "description": "", "point": 3}}, {"model": "report.reportcriterionlevel", "pk": 57, "fields": {"criterion": 16, "name": "Всегда", "description": "", "point": 4}}, {"model": "report.reportcriterionlevel", "pk": 58, "fields": {"criterion": 17, "name": "Редко", "description": "", "point": 1}}, {"model": "report.reportcriterionlevel", "pk": 59, "fields": {"criterion": 17, "name": "Иногда", "description": "", "point": 2}}, {"model": "report.reportcriterionlevel", "pk": 60, "fields": {"criterion": 17, "name": "Часто", "description": "", "point": 3}}, {"model": "report.reportcriterionlevel", "pk": 61, "fields": {"criterion": 17, "name": "Всегда", "description": "", "point": 4}}, {"model": "report.reportcriterionlevel", "pk": 62, "fields": {"criterion": 18, "name": "A", "description": "Преобладают положительные эмоции, студент настроен оптимистично", "point": 3}}, {"model": "report.reportcriterionlevel", "pk": 63, "fields": {"criterion": 18, "name": "B", "description": "Эмоциональное состояние стабильное. Студент испытывает как позитивные эмоции, так и негативные, может самостоятельно справиться с ними", "point": 2}}, {"model": "report.reportcriterionlevel", "pk": 64, "fields": {"criterion": 18, "name": "C", "description": "У студента преобладают отрицательные эмоции, доминирует плохое настроение и негативное отношение к учебному процессу", "point": 1}}, {"model": "report.reportcriterionlevel", "pk": 65, "fields": {"criterion": 19, "name": "A", "description": "Студент достаточно успешно учится договариваться и находить компромисс, при этом уважительно аргументируя свою точку зрения", "point": 3}}, {"model": "report.reportcriterionlevel", "pk": 66, "fields": {"criterion": 19, "name": "B", "description": "Студент учится договариваться и искать компромиссы. При этом конфликтные ситуации чаще всего старается избегать: либо безоговорочно соглашается с оппонентом, либо без аргументов уходит от спора", "point": 2}}, {"model": "report.reportcriterionlevel", "pk": 67, "fields": {"criterion": 19, "name": "C", "description": "Студент чаще всего настаивает на своей позиции, игнорируя доводы собеседника", "point": 1}}]